system,n_orbit_options,partition,L_orbit,top_a,top_e,top_i,top_o,top_O,top_M0,ranking,incl_group
1,1,"[[0, 1, 2], [3, 4, 5], [6, 7, 8]]",0.020510646,5.139192927138366,0.074612559,0.6614089474793822,2.9566435445006727,0.7089007643866605,-0.463334571,0,low
1,1,"[[0, 1, 2], [3, 4, 5], [6, 7, 8]]",0.000150614,2.751646724988411,0.0920466,0.6327150819585585,0.083723755,-2.022782326,-0.426246468,0,low
1,1,"[[0, 1, 2], [3, 4, 5], [6, 7, 8]]",0.001810792,2.881051732462819,0.094832189,0.5926277663982836,0.8276724245363725,-2.268996226,-0.766966315,0,low
1,1,"[[0, 1, 2], [3, 4, 8], [5, 6, 7]]",0.021503918332324998,5.139192927138366,0.074612559,0.6614089474793822,2.9566435445006727,0.7089007643866605,-0.463334571,1,low
1,1,"[[0, 1, 2], [3, 4, 8], [5, 6, 7]]",0.000260994,2.7334188084521047,0.093333333,0.5777281649798306,0.38010646107768115,-2.000444607,-0.695169333,1,low
1,1,"[[0, 1, 2], [3, 4, 8], [5, 6, 7]]",0.000895435,2.625493757488508,0.097594654,1.9693593412882877,4.7061228071617816,1.156449903090194,-2.630433858,1,low
1,1,"[[0, 1, 2], [3, 5, 7], [4, 6, 8]]",0.019613923066879993,5.139192927138366,0.074612559,0.6614089474793822,2.9566435445006727,0.7089007643866605,-0.463334571,2,low
1,1,"[[0, 1, 2], [3, 5, 7], [4, 6, 8]]",0.000161946,2.537541257974968,0.097594654,1.1118186081471382,1.652853820874038,-1.407085804,-2.669158325,2,low
1,1,"[[0, 1, 2], [3, 5, 7], [4, 6, 8]]",0.00150332,2.625493757488508,0.097594654,1.1409126238071086,-1.513431167,-2.017739881,1.1534920533706323,2,low
1,1,"[[0, 1, 2], [3, 7, 8], [4, 5, 6]]",0.025961116038144005,5.139192927138366,0.074612559,0.6614089474793822,2.9566435445006727,0.7089007643866605,-0.463334571,3,low
1,1,"[[0, 1, 2], [3, 7, 8], [4, 5, 6]]",0.000248441,2.661188193,0.074711843,0.553346471,0.5032155724662735,-1.936065568,-0.888987519,3,low
1,1,"[[0, 1, 2], [3, 7, 8], [4, 5, 6]]",0.000195727,2.5549815831082006,0.097594654,2.077665597068444,-4.899056101,1.6736047179909552,1.1227117037907668,3,low
2,1,"[[0, 1, 2], [3, 4, 5], [6, 7, 8]]",0.00017391,1.3140168343783878,0.066897748,0.6412740312947304,4.248654710822288,2.854294275762219,-4.279730325,0,low
2,2,"[[0, 1, 2], [3, 4, 5], [6, 7, 8]]",9.867331487999994e-05,0.936825637,0.027357938,0.6950708607374859,-5.587225483,-0.263971005,-0.763945971,0,low
2,1,"[[0, 1, 2], [3, 4, 5], [6, 7, 8]]",0.024827997875870995,2.4685566630372247,0.097608594,0.6046902042416439,1.031035541000463,-0.441971164,-3.593123675,0,low
2,1,"[[0, 1, 5], [2, 3, 4], [6, 7, 8]]",5.580439996600004e-05,1.422672516009615,0.097474276,0.8910749867028197,4.2136306924473965,2.4578219397016037,-3.662004043,1,low
2,2,"[[0, 1, 5], [2, 3, 4], [6, 7, 8]]",3.674815221000002e-05,0.8143854644632387,0.092436164,1.0723865646325579,0.2319627747958588,-3.074937372,-2.427978488,1,low
2,1,"[[0, 1, 5], [2, 3, 4], [6, 7, 8]]",0.027932911,2.4685566630372247,0.097608594,0.6046902042416439,1.031035541000463,-0.441971164,-3.593123675,1,low
3,1,"[[0, 1, 2], [3, 4, 5], [6, 7, 8]]",0.000877698,2.862377451750828,0.083762183,0.6598592202834047,-4.673486171,1.214266321,1.324074127,1,low
3,1,"[[0, 1, 2], [3, 4, 5], [6, 7, 8]]",0.0004894,2.190307895855416,0.051538820320220766,0.611526728,0.729465653,-1.844816441,-3.839797,1,low
3,1,"[[0, 1, 2], [3, 4, 5], [6, 7, 8]]",0.007248037,2.5549815831063194,0.073734217,0.6661567775653541,-5.189816724,1.297990077,1.66238583,1,low
3,1,"[[0, 7, 8], [1, 2, 6], [3, 4, 5]]",0.001012929,2.9563438469489163,0.089285714,0.7869775288514732,-4.199212872,1.059546721,1.062067827,0,low
3,1,"[[0, 7, 8], [1, 2, 6], [3, 4, 5]]",0.002896866,2.8252133103686776,0.099231743,1.997366100086022,-1.688717028,-1.222619768,1.25944661,0,low
3,1,"[[0, 7, 8], [1, 2, 6], [3, 4, 5]]",0.006625619,2.190307895855416,0.051538820320220766,0.611526728,0.729465653,-1.844816441,-3.839797,0,low
4,1,"[[0, 1, 2], [3, 4, 5], [6, 7, 8]]",0.002252978,4.532230062642511,0.096450909,0.6822729905724371,1.7716123141862519,0.8199338237927213,-0.46817358,1,low
4,1,"[[0, 1, 2], [3, 4, 5], [6, 7, 8]]",0.003359963,1.778686613017906,0.035355339,0.6161550634859869,-2.519001651,-2.257901554,-0.588018285,1,low
4,1,"[[0, 1, 2], [3, 4, 5], [6, 7, 8]]",0.000813791,1.2325615127911107,0.030270886,0.6700614438749404,-1.36695362,0.7785963989638105,0.4886658133037516,1,low
4,1,"[[0, 1, 2], [3, 5, 7], [4, 6, 8]]",0.001746594,4.532230062642511,0.096450909,0.6822729905724371,1.7716123141862519,0.8199338237927213,-0.46817358,0,low
4,1,"[[0, 1, 2], [3, 5, 7], [4, 6, 8]]",0.004734751,1.272311676444282,0.0975,1.9502965659764804,1.599339459307776,0.7030239859695503,-1.187891076,0,low
4,1,"[[0, 1, 2], [3, 5, 7], [4, 6, 8]]",0.001125343,1.3488559442196257,0.08089011,2.494709620678234,-0.75354939,-0.863554668,-2.241727665,0,low
5,2,"[[0, 1, 2], [3, 4, 5], [6, 7, 8]]",0.0020181,0.9690355612736522,0.074742356,2.846519939642384,-0.923018939,-1.171035931,-2.562410407,0,low
5,1,"[[0, 1, 2], [3, 4, 5], [6, 7, 8]]",0.001809175,2.4856846010635625,0.07925389,0.4758434951841355,-3.602580488,1.7490939482793502,1.6784386177876045,0,low
5,1,"[[0, 1, 2], [3, 4, 5], [6, 7, 8]]",0.070616503,2.8437643600634153,0.083762183,0.3445471402130583,-4.157136794,2.850351594807914,1.3176946517529746,0,low
5,2,"[[0, 1, 2], [3, 4, 8], [5, 6, 7]]",0.001883091,0.9690355612736522,0.074742356,2.846519939642384,-0.923018939,-1.171035931,-2.562410407,1,low
5,1,"[[0, 1, 2], [3, 4, 8], [5, 6, 7]]",0.002082692,2.8997863536168142,0.085941848,0.6127754488663568,-2.657111869,1.8575551739960727,0.6913782719616726,1,low
5,1,"[[0, 1, 2], [3, 4, 8], [5, 6, 7]]",0.016669451672919004,2.8623774517531118,0.099231743,2.0365057548029037,4.785505651056368,-2.62213081,-2.569735685,1,low
6,1,"[[0, 1, 2], [3, 4, 5], [6, 7, 8]]",0.00564489,1.3667840761449295,0.089580642,0.8539601920224795,-3.155680734,0.05436724,-1.86254144,0,low
6,1,"[[0, 1, 2], [3, 4, 5], [6, 7, 8]]",0.002563577,3.875862711724166,0.051219691429404926,0.734353944,2.819153608910465,-3.100555767,-1.055582706,0,low
6,2,"[[0, 1, 2], [3, 4, 5], [6, 7, 8]]",0.000632395,0.905853065,0.089756615,0.7354587690882585,-3.857127806,-3.065795318,-2.025797422,0,low
6,1,"[[0, 1, 8], [2, 6, 7], [3, 4, 5]]",0.007308102,1.4920169939822088,0.097474276,1.1747351501786822,4.442750815315984,0.4404517863968341,-3.534446586,1,low
6,2,"[[0, 1, 8], [2, 6, 7], [3, 4, 5]]",0.003495932,0.8613964138710045,0.069751746,0,-3.417132393,-1.570796327,-1.865793852,1,low
6,1,"[[0, 1, 8], [2, 6, 7], [3, 4, 5]]",6.054031158000001e-05,3.875862711724166,0.051219691429404926,0.734353944,2.819153608910465,-3.100555767,-1.055582706,1,low
7,1,"[[0, 1, 2], [3, 4, 5], [6, 7, 8]]",0.012438364647039997,1.2020989799518456,0.058011259,0.4293235491649583,-5.453617057,-0.488997981,0.5638220600817756,0,low
7,1,"[[0, 1, 2], [3, 4, 5], [6, 7, 8]]",0.004410023,4.001215827272863,0.097935758,0.7422572243952569,2.730527449405041,3.088267868855721,-0.834355077,0,low
7,2,"[[0, 1, 2], [3, 4, 5], [6, 7, 8]]",0.000113179,1.084553687106821,0.072111026,2.2768941721448863,3.919989466931497,2.893043458865832,-4.81663793,0,low
7,1,"[[0, 1, 8], [2, 6, 7], [3, 4, 5]]",0.002418799,1.4920169939822088,0.097474276,1.1692998144988476,4.447770438050894,0.4292610174758792,-3.534446586,1,low
7,1,"[[0, 1, 8], [2, 6, 7], [3, 4, 5]]",0.004344671,1.1799963690390531,0.09328473,2.330480624040436,4.308688719875087,-0.868313242,-4.767174654,1,low
7,1,"[[0, 1, 8], [2, 6, 7], [3, 4, 5]]",5.35373920000001e-07,4.001215827272863,0.097935758,0.7422572243952569,2.730527449405041,3.088267868855721,-0.834355077,1,low
8,1,"[[0, 1, 2], [3, 4, 5], [6, 7, 8]]",0.000273951,1.7285836200817937,0.035136418,0.6982446750822525,-0.982471082,2.7817945178558725,-1.682410447,0,low
8,1,"[[0, 1, 2], [3, 4, 5], [6, 7, 8]]",0.001135989,2.0983384808531915,0.007142857,0.7028069288341395,1.1667633117699452,2.7410963499285566,-4.175154704,0,low
8,2,"[[0, 1, 2], [3, 4, 5], [6, 7, 8]]",0.000232896,0.8613964138710045,0.090756458,0.7099736483197816,1.6421450830441784,-0.350316771,-3.518566747,0,low
8,1,"[[0, 2, 7], [1, 6, 8], [3, 4, 5]]",0.000291409,1.3758778766679156,0.099380799,1.7448325108755738,1.6343224890586132,-0.147209012,-1.011263699,1,low
8,1,"[[0, 2, 7], [1, 6, 8], [3, 4, 5]]",0.006310186,1.2970936610657224,0.07566373,1.0738335338132206,-1.262144667,-1.457538491,-2.0130105,1,low
8,1,"[[0, 2, 7], [1, 6, 8], [3, 4, 5]]",7.410024000000005e-07,2.0983384808531915,0.007142857,0.7028069288341395,1.1667633117699452,2.7410963499285566,-4.175154704,1,low
9,1,"[[0, 1, 2], [3, 4, 5], [6, 7, 8]]",0.022392317421240003,5.358196982239578,0.075194909,0.37529985315825104,-4.237701519,-0.463454124,1.6615994872847852,0,low
9,2,"[[0, 1, 2], [3, 4, 5], [6, 7, 8]]",0.000104302,0.8143854644632387,0.033333333333333326,0.3532672289624439,-1.268837155,1.7672791867732605,-5.778834243,0,low
9,1,"[[0, 1, 2], [3, 4, 5], [6, 7, 8]]",0.016973780477094004,1.2970936610657224,0.02,0.3715979954388137,-0.577520977,-0.909030181,-3.657433553,0,low
9,1,"[[0, 1, 2], [3, 7, 8], [4, 5, 6]]",0.023392142,5.358196982239578,0.075194909,0.37529985315825104,-4.237701519,-0.463454124,1.6615994872847852,1,low
9,1,"[[0, 1, 2], [3, 7, 8], [4, 5, 6]]",3.757404000000002e-07,1.3758778766679156,0.091624569,0.9356607668286212,-3.872872317,-0.338280005,-0.795426403,1,low
9,1,"[[0, 1, 2], [3, 7, 8], [4, 5, 6]]",0.028791493,1.2403601007637135,0.080039053,2.166313941344914,-4.281079606,1.2963426494506292,0.087804916,1,low
10,1,"[[0, 1, 2], [3, 4, 5], [6, 7, 8]]",0.056840938,3.938421957405617,0.065367065,0.452237356,2.88947664,0.499356985,-1.175960561,0,low
10,1,"[[0, 1, 2], [3, 4, 5], [6, 7, 8]]",0.000176143,1.599195093139834,0.029449252,0.4392409394819896,-2.483057233,0.885864934,1.17858067,0,low
10,1,"[[0, 1, 2], [3, 4, 5], [6, 7, 8]]",0.000148279,0.5374937878348663,0.024999999999999994,0.4876856906465453,2.51467278,-2.185315279,-11.11400401,0,low
10,1,"[[0, 1, 2], [3, 5, 7], [4, 6, 8]]",0.067080672,3.938421957405617,0.065367065,0.452237356,2.88947664,0.499356985,-1.175960561,1,low
10,1,"[[0, 1, 2], [3, 5, 7], [4, 6, 8]]",0.000358754,1.3943285269546752,0.099380799,1.3750601147074364,1.617818622,-0.413455401,-0.972753517,1,low
10,1,"[[0, 1, 2], [3, 5, 7], [4, 6, 8]]",7.923600000000006e-10,6.020223058252241,0.097057105,1.5904267866784032,-4.660365509,-1.837335975,2.750413866,1,low
1,1,"[[0, 1, 2], [3, 4, 5], [6, 7, 8]]",0.025299612,4.532230062642511,0.057469799,1.0466299808850217,5.458972225721308,0.8402950832413292,-3.138196605,3,med
1,1,"[[0, 1, 2], [3, 4, 5], [6, 7, 8]]",8.97724067999999e-05,2.661188193,0.069751746,1.0659847740756978,-3.476981246,0.9131548349783465,0.12552125055695385,3,med
1,1,"[[0, 1, 2], [3, 4, 5], [6, 7, 8]]",0.018617925747959993,2.4685566630372247,0.097594654,0.9790228209051541,-0.41713054,0.8447982260273225,-2.701963335,3,med
1,1,"[[0, 1, 2], [3, 4, 8], [5, 6, 7]]",0.047705551,4.532230062642511,0.057469799,1.0466299808850217,5.458972225721308,0.8402950832413292,-3.138196605,1,med
1,1,"[[0, 1, 2], [3, 4, 8], [5, 6, 7]]",0.001889874,2.6077548188959434,0.061677238,1.0285359666458362,0.79713038,-2.192788252,-0.952428259,1,med
1,1,"[[0, 1, 2], [3, 4, 8], [5, 6, 7]]",0.016025972,2.5549815831082006,0.097594654,1.7966081676734038,1.7846155236393626,1.0889592964646506,0.13756902555294603,1,med
1,1,"[[0, 1, 2], [3, 5, 7], [4, 6, 8]]",0.026071864,4.532230062642511,0.057469799,1.0466299808850217,5.458972225721308,0.8402950832413292,-3.138196605,2,med
1,1,"[[0, 1, 2], [3, 5, 7], [4, 6, 8]]",0.000832864,2.6077548188959434,0.097594654,1.2286491605689214,0.9287323028275047,-1.759056296,-1.652839019,2,med
1,1,"[[0, 1, 2], [3, 5, 7], [4, 6, 8]]",0.011318119666127998,2.520177748454071,0.097594654,1.3294059341021238,-1.748775572,1.0796180055866265,-1.692061542,2,med
1,1,"[[0, 1, 2], [3, 7, 8], [4, 5, 6]]",0.076847521,4.532230062642511,0.057469799,1.0466299808850217,5.458972225721308,0.8402950832413292,-3.138196605,0,med
1,1,"[[0, 1, 2], [3, 7, 8], [4, 5, 6]]",0.003005123,2.6791419410818706,0.097608594,1.0289480316208852,0.8141029457710405,-2.160999299,-0.960099518,0,med
1,1,"[[0, 1, 2], [3, 7, 8], [4, 5, 6]]",0.020294107438200006,2.6791419410818706,0.097594654,1.944211922050239,4.026034519104526,1.2304568483914635,-1.62322145,0,med
2,1,"[[0, 1, 2], [3, 4, 5], [6, 7, 8]]",7.203253892400002e-05,1.3140168343783878,0.052068331172711035,1.088722889458863,4.240458481053484,2.8368030374476856,-4.269194853,0,med
2,2,"[[0, 1, 2], [3, 4, 5], [6, 7, 8]]",0.0004105,0.9581516246483942,0.024999999999999994,0.8992070541566884,0.42566854515661445,-0.459239171,-6.49123557,0,med
2,1,"[[0, 1, 2], [3, 4, 5], [6, 7, 8]]",0.035409317356703995,2.825213310370763,0.089285714,1.1507898532514678,-3.216975483,-0.283890701,0.4573741923452076,0,med
2,1,"[[0, 1, 5], [2, 3, 4], [6, 7, 8]]",8.639999020800005e-05,1.3488559442196257,0.095581392,1.1829577879818847,4.515913577764918,2.7297837191814422,-4.408855078,1,med
2,2,"[[0, 1, 5], [2, 3, 4], [6, 7, 8]]",0.000106995,0.8143854644632387,0.092436164,1.270974231032733,0.3640490250494599,3.0051802939066974,-2.427978488,1,med
2,1,"[[0, 1, 5], [2, 3, 4], [6, 7, 8]]",0.032866641,2.825213310370763,0.089285714,1.1507898532514678,-3.216975483,-0.283890701,0.4573741923452076,1,med
3,1,"[[0, 1, 2], [3, 4, 5], [6, 7, 8]]",0.000805537,2.7883007687603425,0.084685041,1.181807239,-1.871679112,-1.852796361,1.6063825469853144,2,med
3,1,"[[0, 1, 2], [3, 4, 5], [6, 7, 8]]",0.000226351,2.33448998,0.018982403,1.1967225527840153,-2.904158314,-1.830288379,-0.186672679,2,med
3,1,"[[0, 1, 2], [3, 4, 5], [6, 7, 8]]",0.018386577,2.751646724988411,0.04714421,1.1983270053854969,1.0038564381688408,-1.791882957,-1.283782769,2,med
3,1,"[[0, 1, 8], [2, 6, 7], [3, 4, 5]]",0.001775421,2.8437643600634153,0.089285714,1.1968826619461412,1.650883522123913,-1.776830349,-1.774042743,0,med
3,1,"[[0, 1, 8], [2, 6, 7], [3, 4, 5]]",0.000473137,2.6791419410818706,0.097594654,1.7713651681150466,4.780605865,1.3706686924061304,-2.608364128,0,med
3,1,"[[0, 1, 8], [2, 6, 7], [3, 4, 5]]",0.028781241158520005,2.33448998,0.018982403,1.1967225527840153,-2.904158314,-1.830288379,-0.186672679,0,med
3,1,"[[0, 7, 8], [1, 2, 6], [3, 4, 5]]",0.001951622,3.1096123013293764,0.089397252,1.2366748083281762,-0.138661805,-1.854693581,0.011954319086446952,1,med
3,1,"[[0, 7, 8], [1, 2, 6], [3, 4, 5]]",0.000401181,2.9185804713764796,0.099231743,1.8011055048174358,-4.022064416,1.5705153386123096,0.24764048544791517,1,med
3,1,"[[0, 7, 8], [1, 2, 6], [3, 4, 5]]",0.021477445069919998,2.33448998,0.018982403,1.1967225527840153,-2.904158314,-1.830288379,-0.186672679,1,med
4,1,"[[0, 1, 2], [3, 4, 5], [6, 7, 8]]",0.003186753,4.6182686872236225,0.096685431,1.122149154166028,1.4711039324615067,0.7615855433514976,-0.174386645,1,med
4,1,"[[0, 1, 2], [3, 4, 5], [6, 7, 8]]",0.005184375,1.7534303805209557,0,1.0906741012923848,1.540886752763976,0.7381387149415389,-1.353060084,1,med
4,2,"[[0, 1, 2], [3, 4, 5], [6, 7, 8]]",0.007872979,1.2248369614565158,0.028571428571428567,1.0855619930194946,4.608572785368418,0.718179306,-5.45916045,1,med
4,1,"[[0, 1, 2], [3, 5, 7], [4, 6, 8]]",0.002831846,4.6182686872236225,0.096685431,1.122149154166028,1.4711039324615067,0.7615855433514976,-0.174386645,0,med
4,1,"[[0, 1, 2], [3, 5, 7], [4, 6, 8]]",0.008631233,1.2970936610657224,0.0975,1.7727776814211806,1.644691320384226,0.7302352187978962,-1.125455867,0,med
4,2,"[[0, 1, 2], [3, 5, 7], [4, 6, 8]]",0.006544287,0.8470488934309535,0.049156144,0,-5.46589351,3.141592653589793,-1.567387172,0,med
5,2,"[[0, 1, 2], [3, 4, 5], [6, 7, 8]]",0.000378607,0.9635745419893638,0.066897748,1.9890623950525304,-1.111507014,-1.400290133,-2.680397406,0,med
5,1,"[[0, 1, 2], [3, 4, 5], [6, 7, 8]]",0.000105398,2.956343846951837,0.097431949,1.131677045981986,-0.463157431,1.5992552514371428,-0.993122217,0,med
5,1,"[[0, 1, 2], [3, 4, 5], [6, 7, 8]]",0.000937881,3.2267120725272718,0.096378898,1.0947059728173731,-0.036015802,1.6198274164342603,-1.240659656,0,med
5,2,"[[0, 1, 2], [3, 4, 8], [5, 6, 7]]",0.000145869,1.035059201427676,0.090138782,1.170649400959611,-2.038475618,1.677025554643819,-3.476737629,1,med
5,1,"[[0, 1, 2], [3, 4, 8], [5, 6, 7]]",0.000109622,2.9185804713764796,0.086620949,1.1312205997086835,-2.734901718,1.7009241365024506,0.9126975511064391,1,med
5,1,"[[0, 1, 2], [3, 4, 8], [5, 6, 7]]",0.001577633,2.6791419410818706,0.097594654,1.9018929198064056,-4.050466525,-2.048275898,0.19041910499684234,1,med
6,1,"[[0, 1, 2], [3, 4, 5], [6, 7, 8]]",0.001826509,1.3312688710062528,0.055555556,1.0160530466290334,-3.026757971,0.054716213593030895,-2.045272632,0,med
6,1,"[[0, 1, 2], [3, 4, 5], [6, 7, 8]]",0.008328111,3.9175422276655265,0.090437892,0.980795617,3.008370351834129,3.105687547183417,-1.106645668,0,med
6,2,"[[0, 1, 2], [3, 4, 5], [6, 7, 8]]",0.00657231,1.078181812193014,0.1,2.1128882589756355,4.320195934391581,2.9631931193199827,-5.176714343,0,med
6,1,"[[0, 1, 8], [2, 6, 7], [3, 4, 5]]",0.000557133,1.4920169939822088,0.097474276,1.2451177060741483,4.528503110040647,0.33656811633264316,-3.534446586,1,med
6,2,"[[0, 1, 8], [2, 6, 7], [3, 4, 5]]",0.005717352,0.8662285343576893,0.04729413,0.8342462117810678,-4.346400391,-0.419568715,-1.976304548,1,med
6,1,"[[0, 1, 8], [2, 6, 7], [3, 4, 5]]",0.000122227,3.9175422276655265,0.090437892,0.980795617,3.008370351834129,3.105687547183417,-1.106645668,1,med
7,,"[[0, 1, 2], [3, 4, 5], [6, 7, 8]]",0.001419484,1.6564911550705599,0.022222222222222227,1.0360341038569383,1.787359519,-0.296087159,-1.435284858,0,med
7,,"[[0, 1, 2], [3, 4, 5], [6, 7, 8]]",0.010231565,2.159273017265854,0.058494069121997165,1.0205116945366004,0.4123985338180063,2.799315063389251,-3.528101835,0,med
7,,"[[0, 1, 2], [3, 4, 5], [6, 7, 8]]",0.004305897,1.123982295600042,0.02,1.9704090675539605,0.19815710254478924,-0.200278977,-4.678549021,0,med
7,,"[[0, 1, 8], [2, 6, 7], [3, 4, 5]]",8.201537685000004e-05,1.394328526954918,0.099380799,1.706105619525403,1.7537677969550207,-0.164660689,-0.946840405,1,med
7,,"[[0, 1, 8], [2, 6, 7], [3, 4, 5]]",0.001199144,0.8052698582205136,0.082462113,2.331113953354771,-1.812358199,1.854368703,-4.53441739,1,med
7,,"[[0, 1, 8], [2, 6, 7], [3, 4, 5]]",5.062484196e-06,2.159273017265854,0.058494069121997165,1.0205116945366004,0.4123985338180063,2.799315063389251,-3.528101835,1,med
8,,"[[0, 1, 2], [3, 4, 5], [6, 7, 8]]",0.10137644652221997,4.834413724298748,0.096685431,0.7839534626075656,-4.461718129,-1.188781108,2.636917368,0,med
8,,"[[0, 1, 2], [3, 4, 5], [6, 7, 8]]",0.008959555,0.8052698582205662,0.04472136,0.8484526372591229,-2.486191723,1.924420774,-4.772300393,0,med
8,,"[[0, 1, 2], [3, 4, 5], [6, 7, 8]]",0.002228176,1.2887534306553237,0.01,0.8585217644408033,-0.257894253,-1.211156068,-3.698108512,0,med
8,,"[[0, 2, 7], [1, 6, 8], [3, 4, 5]]",0.084423673,4.834413724298748,0.096685431,0.7839534626075656,-4.461718129,-1.188781108,2.636917368,1,med
8,,"[[0, 2, 7], [1, 6, 8], [3, 4, 5]]",2.5315879680000024e-05,1.232561512790946,0.099231743,0.9864639394482957,-4.611183164,-0.947333027,0.210923326,1,med
8,,"[[0, 2, 7], [1, 6, 8], [3, 4, 5]]",0.001967513,0.800754868,0.1,0.9049541263769673,-0.474465431,-1.737954203,-5.15868407,1,med
9,,"[[0, 1, 2], [3, 4, 5], [6, 7, 8]]",6.913891335999994e-05,1.0593905014606968,0.098488578,1.5890906237012155,-3.283922609,-1.576597083,-1.077422985,0,med
9,,"[[0, 1, 2], [3, 4, 5], [6, 7, 8]]",0.00020534,1.6104538321470243,0.011111111111111113,1.092202946513612,-1.462835497,1.9100147489366455,-3.08576422,0,med
9,,"[[0, 1, 2], [3, 4, 5], [6, 7, 8]]",0.11154941001749999,3.4254959070034587,0.095195657,1.088923695,2.048753427,-1.202772565,-3.455755712,0,med
9,,"[0, 1, 2], [3, 7, 8], [4, 5, 6]]",0.000258141,1.194662004730062,0.099683172,1.3883116695503508,-2.799905031,-1.278646742,-1.453690456,1,med
9,,"[0, 1, 2], [3, 7, 8], [4, 5, 6]]",1.4629922999999998e-05,0.8759701310023164,0.094588259,1.0024236801657467,-2.901751741,-2.097309447,-2.000985447,1,med
9,,"[0, 1, 2], [3, 7, 8], [4, 5, 6]]",0.032423842499051996,3.4254959070034587,0.095195657,1.088923695,2.048753427,-1.202772565,-3.455755712,1,med
10,1,"[[0, 1, 2], [3, 4, 5], [6, 7, 8]]",0.003419334,3.8966889980977015,0.084070811,1.0316548605945215,3.047389753,0.784814529,-1.555083916,0,med
10,1,"[[0, 1, 2], [3, 4, 5], [6, 7, 8]]",0.00497268,1.6218124916846641,0.052145089,1.0481104166813529,-5.384007092,-2.327129049,0.9939086471951604,0,med
10,4,"[[0, 1, 2], [3, 4, 5], [6, 7, 8]]",0.001014976,0.5450992112850566,0.082073815,1.0642170967422806,5.288107158975361,0.8660872212327557,-10.73647241,0,med
10,1,"[[0, 1, 2], [3, 5, 7], [4, 6, 8]]",0.002473771,3.8966889980977015,0.084070811,1.0316548605945215,3.047389753,0.784814529,-1.555083916,1,med
10,2,"[[0, 1, 2], [3, 5, 7], [4, 6, 8]]",0.009212102,0.8376034277076819,0.089690827,1.8747591483313149,0.1340808501351951,-0.036368276,-0.38182975,1,med
10,1,"[[0, 1, 2], [3, 5, 7], [4, 6, 8]]",3.2675999999999956e-11,6.020223058252241,0.097057105,1.5853419369458355,-4.670573918,-2.038870008,2.750413866266482,1,med
1,1,"[[0, 1, 2], [3, 4, 5], [6, 7, 8]]",0.022047211386969995,4.403671845070798,0.088568868,1.4059342522570195,0.827740508,0.8214564819144478,1.406098400369765,1,high
1,1,"[[0, 1, 2], [3, 4, 5], [6, 7, 8]]",0.002638196,2.417657464621246,0.098312289,1.3891078370131844,-4.956006485,0.8496043962580323,1.5641615060979324,1,high
1,1,"[[0, 1, 2], [3, 4, 5], [6, 7, 8]]",0.004185714,2.8623774517531118,0.064111868,1.401862674252679,-2.620445147,0.8414443851043927,-0.451296306,1,high
1,1,"[[0, 1, 2], [3, 4, 8], [5, 6, 7]]",0.017831402197067997,4.403671845070798,0.088568868,1.4059342522570195,0.827740508,0.8214564819144478,1.406098400369765,2,high
1,1,"[[0, 1, 2], [3, 4, 8], [5, 6, 7]]",0.003328151,2.3018240831004944,0.075677215,1.3690618521491118,0.3025441604168595,0.8632619050292453,-3.651692797,2,high
1,1,"[[0, 1, 2], [3, 4, 8], [5, 6, 7]]",0.003095159,2.221714700383835,0.097431949,1.6549271206774656,0.8365098120693166,0.9313839804717295,0.8970154533008453,2,high
1,1,"[[0, 1, 2], [3, 5, 7], [4, 6, 8]]",0.022137967851318007,4.403671845070798,0.088568868,1.4059342522570195,0.827740508,0.8214564819144478,1.406098400369765,3,high
1,1,"[[0, 1, 2], [3, 5, 7], [4, 6, 8]]",0.001704449,2.590089230266794,0.097594654,1.4361387842467963,-3.96833313,0.9905705749542276,0.15315625557777568,3,high
1,1,"[[0, 1, 2], [3, 5, 7], [4, 6, 8]]",0.00186142,2.190307896,0.097431949,1.491500044284464,-0.800680561,0.940456148,-2.814842916,3,high
1,1,"[[0, 1, 2], [3, 7, 8], [4, 5, 6]]",0.014341477221759996,4.403671845070798,0.088568868,1.4059342522570195,0.827740508,0.8214564819144478,1.406098400369765,0,high
1,1,"[[0, 1, 2], [3, 7, 8], [4, 5, 6]]",0.004969772,2.6077548188959434,0.055213459,1.3901229577848593,-2.760982429,0.8621544665686638,-0.511771714,0,high
1,1,"[[0, 1, 2], [3, 7, 8], [4, 5, 6]]",0.00356265,2.4685566630372247,0.097594654,1.7288929210458281,4.8537747068495225,0.9690609915496232,-2.701963335,0,high
2,1,"[[0, 1, 2], [3, 4, 5], [6, 7, 8]]",0.000176563,1.2970936610657224,0.05482928,1.4814626565340674,4.281683140482984,2.8263368597666263,-4.368296296,0,high
2,2,"[[0, 1, 2], [3, 4, 5], [6, 7, 8]]",0.011446453979820003,0.936825637,0.022222222222222227,1.4260553522544046,-1.309021777,-0.344548899,-4.991024317,0,high
2,1,"[[0, 1, 2], [3, 4, 5], [6, 7, 8]]",0.024431606,2.520177748454071,0.097608594,1.4886044815620865,0.936258494,-0.326239306,-3.568364561,0,high
2,1,"[[0, 1, 2], [3, 7, 8], [4, 5, 6]]",0.000193112,1.2970936610657224,0.05482928,1.4814626565340674,4.281683140482984,2.8263368597666263,-4.368296296,3,high
2,2,"[[0, 1, 2], [3, 7, 8], [4, 5, 6]]",0.011713260303360005,0.9745354669296911,0.088888889,2.593286369381437,-1.045436185,0.35783746799422905,-4.658780839,3,high
2,1,"[[0, 1, 2], [3, 7, 8], [4, 5, 6]]",0.00363689,1.2171855944344074,0.099231743,1.5736988669559464,-2.919975478,2.871955690239975,-1.905255414,3,high
2,1,"[[0, 1, 5], [2, 3, 4], [6, 7, 8]]",0.000201856,1.3140168343783878,0.077746025,1.4927121119430038,4.548154401744748,2.8157317582588313,-4.602691319,1,high
2,2,"[[0, 1, 5], [2, 3, 4], [6, 7, 8]]",0.002305683,1.4717377125368578,0.098231272,1.6142693863189799,-4.544760669,2.8339208549705375,0.3056280247971441,1,high
2,1,"[[0, 1, 5], [2, 3, 4], [6, 7, 8]]",0.029093588855408005,2.520177748454071,0.097608594,1.4886044815620865,0.936258494,-0.326239306,-3.568364561,1,high
2,1,"[[0, 1, 5], [2, 4, 6], [3, 7, 8]]",0.000217522,1.3140168343783878,0.077746025,1.4927121119430038,4.548154401744748,2.8157317582588313,-4.602691319,2,high
2,1,"[[0, 1, 5], [2, 4, 6], [3, 7, 8]]",0.003252929,3.5466976392660343,0.075432879,1.5573970004172086,3.8813519605040305,-0.256830243,-2.391191923,2,high
2,2,"[[0, 1, 5], [2, 4, 6], [3, 7, 8]]",0.016368575437968002,1.0173229723505313,0.09,0.5721277438143175,0.8119026511890892,0.5919814759746873,-1.670653054,2,high
3,1,"[[0, 1, 2], [3, 4, 5], [6, 7, 8]]",0.00196567,2.8067251597008633,0.047144209937300306,1.3257257299692076,-2.017189251,-1.832770566,1.7636193290585525,0,high
3,1,"[[0, 1, 2], [3, 4, 5], [6, 7, 8]]",0.000839004,2.190307896,0.093694712,1.3180609338669877,0.8825321146953944,-1.858618154,-3.950076532,0,high
3,1,"[[0, 1, 2], [3, 4, 5], [6, 7, 8]]",0.001821224,2.8067251597008633,0.052253124601426906,1.3496275830165583,-0.149039663,-1.814022377,-0.144902081,0,high
3,1,"[[0, 1, 8], [2, 6, 7], [3, 4, 5]]",0.001924477,2.9185804713764796,0.099231743,1.3373828463808315,1.4156717301531896,-1.8012664,-1.507790823,1,high
3,1,"[[0, 1, 8], [2, 6, 7], [3, 4, 5]]",0.000637256,2.697165542865506,0.089766641,1.695661770719991,4.598017417090875,1.358759426227001,-2.406944741,1,high
3,1,"[[0, 1, 8], [2, 6, 7], [3, 4, 5]]",0.000903626,2.190307896,0.093694712,1.3180609338669877,0.8825321146953944,-1.858618154,-3.950076532,1,high
3,1,"[[0, 7, 8], [1, 2, 6], [3, 4, 5]]",0.003266288,2.9943352150291775,0.073848516,1.355982858746637,-0.725614315,-1.858261288,0.5670178416480041,2,high
3,1,"[[0, 7, 8], [1, 2, 6], [3, 4, 5]]",0.00028895,2.9185804713764796,0.099231743,1.7043530790694406,-4.047883916,1.4739025913961663,0.24764048544791517,2,high
3,1,"[[0, 7, 8], [1, 2, 6], [3, 4, 5]]",0.001136103,2.190307896,0.093694712,1.3180609338669877,0.8825321146953944,-1.858618154,-3.950076532,2,high
4,1,"[[0, 1, 2], [3, 4, 5], [6, 7, 8]]",7.531475160000005e-06,4.467873147288815,0.095974534,1.553797944701417,1.3022194516333971,0.7504151497687293,-0.04035853,1,high
4,1,"[[0, 1, 2], [3, 4, 5], [6, 7, 8]]",0.000347761,2.083344651822604,0.098780833,1.5684951396142481,-3.887040832,-2.395226717,1.0772739940194547,1,high
4,2,"[[0, 1, 2], [3, 4, 5], [6, 7, 8]]",0.017113527826899993,1.2561827695723453,0.0625,1.5389842533780822,-1.695460813,-2.382218528,-2.23136504,1,high
4,1,"[[0, 1, 2], [3, 5, 7], [4, 6, 8]]",7.488222719999997e-06,4.467873147288815,0.095974534,1.553797944701417,1.3022194516333971,0.7504151497687293,-0.04035853,0,high
4,1,"[[0, 1, 2], [3, 5, 7], [4, 6, 8]]",0.015211706,1.3226013555491478,0.097398253,1.575358147611736,1.8593115467464512,0.7466984896546938,-1.255009949,0,high
4,2,"[[0, 1, 2], [3, 5, 7], [4, 6, 8]]",0.013950718319151996,1.1585055519447254,0.085699734,1.584597047962077,0.6032312980452703,-2.375049848,-5.382833125,0,high
4,1,"[[0, 4, 5], [1, 2, 3], [6, 7, 8]]",7.659891799999997e-06,1.533720105772788,0.099836618,1.5906095228690973,-2.732743339,-2.382484183,-0.727553234,2,high
4,0,"[[0, 4, 5], [1, 2, 3], [6, 7, 8]]",,,,,,,,2,high
4,2,"[[0, 4, 5], [1, 2, 3], [6, 7, 8]]",0.028230547545300005,1.2561827695723453,0.0625,1.5389842533780822,-1.695460813,-2.382218528,-2.23136504,2,high
5,2,"[[0, 1, 2], [3, 4, 5], [6, 7, 8]]",0.005832421,0.9690355612736522,0.060921423,1.4936769879447611,1.6328415930759497,1.6730790842045686,-2.254432025,0,high
5,1,"[[0, 1, 2], [3, 4, 5], [6, 7, 8]]",2.0731051431999984e-05,2.520177748454071,0.066154495,1.5753618083547754,-2.978150304,1.6092171505751602,1.1964859233601568,0,high
5,1,"[[0, 1, 2], [3, 4, 5], [6, 7, 8]]",0.083058215,3.0902683766551053,0.075929613,1.5760590854930252,0.010951784,1.6180527147755344,-1.320191586,0,high
5,2,"[[0, 1, 2], [3, 4, 8], [5, 6, 7]]",0.005093321,0.9690355612736522,0.060921423,1.4936769879447611,1.6328415930759497,1.6730790842045686,-2.254432025,1,high
5,1,"[[0, 1, 2], [3, 4, 8], [5, 6, 7]]",3.719003567999998e-05,3.032548026,0.086381333,1.5736295721806748,-1.458371929,1.6147444813035015,-0.156841,1,high
5,1,"[[0, 1, 2], [3, 4, 8], [5, 6, 7]]",0.011718191292499998,1.0173229723505313,0.096046864,0,-1.080269953,0,-3.622933458,1,high
6,1,"[[0, 1, 2], [3, 4, 5], [6, 7, 8]]",0.010450728691919998,1.2561827695723453,0.010000000000000009,1.525961859991125,-4.492287801,-0.013261126,-0.68056838,1,high
6,1,"[[0, 1, 2], [3, 4, 5], [6, 7, 8]]",0.007632919,3.896688998103387,0.035136418,1.5581021271339701,3.989429587585038,3.127136122611539,-2.233752306,1,high
6,2,"[[0, 1, 2], [3, 4, 5], [6, 7, 8]]",3.535462242399992e-05,1.078181812193014,0.063245553,1.595831558451721,3.7837895805414323,3.1283739298117514,-4.576952544,1,high
6,1,"[[0, 4, 5], [1, 2, 3], [6, 7, 8]]",0.003933432,4.022197273137271,0.049683516696513316,1.5806012647780723,4.470828095656696,3.1036563913119934,-2.727063041,2,high
6,1,"[[0, 4, 5], [1, 2, 3], [6, 7, 8]]",0.000427735,1.2970936610657224,0.090863909,1.5846735626514983,0.9897392868210417,3.110983852233028,-0.871930736,2,high
6,2,"[[0, 4, 5], [1, 2, 3], [6, 7, 8]]",1.2240784584000006e-05,1.078181812193014,0.063245553,1.595831558451721,3.7837895805414323,3.1283739298117514,-4.576952544,2,high
6,1,"[[0, 4, 5], [1, 2, 6], [3, 7, 8]]",0.013234944326076001,4.022197273137271,0.049683516696513316,1.5806012647780723,4.470828095656696,3.1036563913119934,-2.727063041,0,high
6,1,"[[0, 4, 5], [1, 2, 6], [3, 7, 8]]",0.001008739,1.1514737891707096,0.097182532,1.5592554697933134,3.2482638719970214,3.129239541143408,-2.988929907,0,high
6,4,"[[0, 4, 5], [1, 2, 6], [3, 7, 8]]",0.003232919,0.4518736771150877,0.094280904,1.675064890294427,-0.422522975,3.0968568971158605,-8.126484093,0,high
6,4,"[[0, 7, 8], [1, 2, 6], [3, 4, 5]]",0.011326308,1.0909810939771705,0.098488578,1.5682965782886713,0.16711249660570315,-3.070288174,-4.56064548,3,high
6,1,"[[0, 7, 8], [1, 2, 6], [3, 4, 5]]",0.001407316,1.1514737891707096,0.097182532,1.5592554697933134,3.2482638719970214,3.129239541143408,-2.988929907,3,high
6,1,"[[0, 7, 8], [1, 2, 6], [3, 4, 5]]",6.093876600000005e-07,3.896688998103387,0.035136418,1.5581021271339701,3.989429587585038,3.127136122611539,-2.233752306,3,high
7,1,"[[0, 1, 2], [3, 4, 5], [6, 7, 8]]",0.017059527,1.778686613017906,0.08789593,1.485654596194332,3.4611105375553453,-0.332228643,-2.814217571,0,high
7,1,"[[0, 1, 2], [3, 4, 5], [6, 7, 8]]",0.001820939,2.285622998253481,0.084685041,1.509977856579911,-2.839507591,2.806610033059712,-0.198781808,0,high
7,2,"[[0, 1, 2], [3, 4, 5], [6, 7, 8]]",0.000290063,1.123982295600042,0.02,1.5904965368324733,-0.369609145,-0.354934188,-4.167195133,0,high
7,1,"[[0, 2, 7], [1, 6, 8], [3, 4, 5]]",0.004207827,1.394328526954918,0.099380799,1.5741452863635699,1.6180008570461575,-0.301168752,-0.972753517,1,high
7,2,"[[0, 2, 7], [1, 6, 8], [3, 4, 5]]",0.003828183,1.1514737891707096,0.067412495,1.5016462181635861,-1.63708753,-0.471628182,-2.672394084,1,high
7,1,"[[0, 2, 7], [1, 6, 8], [3, 4, 5]]",9.44111999999999e-09,2.285622998253481,0.084685041,1.509977856579911,-2.839507591,2.806610033059712,-0.198781808,1,high
8,1,"[[0, 1, 2], [3, 4, 5], [6, 7, 8]]",3.714036225199997e-05,4.812736329382651,0.099231743,1.4939286385878117,1.1358884783517915,-1.222195284,-2.804289991,1,high
8,3,"[[0, 1, 2], [3, 4, 5], [6, 7, 8]]",0.000598285,0.8007548676402807,0.082462113,1.5283769536206302,-2.68708915,1.9174209830413966,-4.591563805,1,high
8,1,"[[0, 1, 2], [3, 4, 5], [6, 7, 8]]",6.957968819999999e-06,1.280493038729506,0.032015621,1.5264779493328062,-1.156330263,-1.210379207,-2.80360492,1,high
8,1,"[[0, 1, 2], [3, 7, 8], [4, 5, 6]]",6.128960904000005e-05,4.812736329382651,0.099231743,1.4939286385878117,1.1358884783517915,-1.222195284,-2.804289991,0,high
8,1,"[[0, 1, 2], [3, 7, 8], [4, 5, 6]]",0.0001938,1.2171855944344074,0.081865993,1.5336570162845315,-4.451722458,-1.198107101,0.20716933058533193,0,high
8,2,"[[0, 1, 2], [3, 7, 8], [4, 5, 6]]",0.000969161,1.1799963690390531,0.099231743,1.5980402398917724,-0.904531738,-1.241783186,0.055820269,0,high
9,3,"[[0, 1, 2], [3, 4, 5], [6, 7, 8]]",0.004413329,0.5608048725235758,0.082073815,1.6654210484675938,0.16799236788707006,1.9239013247207597,-4.827762673,0,high
9,1,"[[0, 1, 2], [3, 4, 5], [6, 7, 8]]",0.004869655,1.588035926986617,0.092978687,1.4466044643411586,4.956750022375108,1.936408512426937,-3.257110961,0,high
9,1,"[[0, 1, 2], [3, 4, 5], [6, 7, 8]]",0.048808944,3.5466976392660343,0.086502595,1.4660815857638245,4.741167839121934,1.903529839034093,-2.890123261,0,high
9,1,"[[0, 2, 4], [1, 3, 5], [6, 7, 8]]",7.3824285150000026e-06,1.1946620047301781,0.099683172,1.5366561615997334,-2.80524182,-1.231184018,-1.453690456,1,high
9,3,"[[0, 2, 4], [1, 3, 5], [6, 7, 8]]",0.004121789,0.5741662986602719,0.090138782,1.5718218257932697,0.4650990411022544,1.7492575575858287,-9.668642835,1,high
9,1,"[[0, 2, 4], [1, 3, 5], [6, 7, 8]]",0.046208962829568004,3.5466976392660343,0.086502595,1.4660815857638245,4.741167839121934,1.903529839034093,-2.890123261,1,high
10,1,"[[0, 1, 2], [3, 4, 5], [6, 7, 8]]",0.009733398,2.9943352150291775,0.094832189,1.3388284846695968,-1.111318284,0.8490384123711262,2.220282760225418,0,high
10,1,"[[0, 1, 2], [3, 4, 5], [6, 7, 8]]",8.314120298e-06,1.544387327421324,0.091518719,1.3804154349657345,0.084492567,-2.305329297,-4.537381682,0,high
10,4,"[[0, 1, 2], [3, 4, 5], [6, 7, 8]]",0.005521749,0.532548918,0.082073815,1.3741736858503435,1.8851332773453287,0.7862907406104086,-7.06258447,0,high
10,1,"[[0, 1, 2], [3, 5, 7], [4, 6, 8]]",0.015772839426399995,2.9943352150291775,0.094832189,1.3388284846695968,-1.111318284,0.8490384123711262,2.220282760225418,1,high
10,3,"[[0, 1, 2], [3, 5, 7], [4, 6, 8]]",0.001028616,0.8808806533975534,0.094588259,1.736574439022369,-0.223393472,0.48309898660591394,-0.590662018,1,high
10,1,"[[0, 1, 2], [3, 5, 7], [4, 6, 8]]",1.4159040000000027e-08,1.2020989799518456,0.099683172,1.5148308350863793,-4.673601955,-2.195424389,2.750413866266482,1,high