system,n_orbit_options,xyzs,planet,a,e,i,o,O,M0,incl_group
1,,"[[-4.367377141149027, -0.4471642317433244, -2.010035801288735], [-4.292510270584319, -1.7106410346737149, -1.423238687639585], [-3.829976597604859, -2.805735923942754, -0.7135768479863503]]",1,4.615822660444791,0.050102258,0.5869356807144613,2.3896630391056095,3.9997341918898046,3.037191084925631,low
1,,"[[-1.7577514076645027, -1.6975932314782174, -0.12284565215650274], [-0.30835448341070654, -2.4218904807556596, 0.9035630050699099], [1.3507088301611139, -1.7249695553080464, 1.4415663781890808]]",2,2.462264277245404,0.072877959,0.5869356807144613,4.610527492216533,3.9997341918898046,1.436332821154692,low
1,,"[[-1.8687662614526828, -1.9411313234927574, -0.09518506002634711], [-0.2737900167655939, -2.432396974434649, 0.9233522610325918], [1.46985278642078, -1.6479403319668222, 1.4570431011596034]]",3,2.8634324981534824,0.08864616,0.5869356807144613,0.873442438,3.9997341918898046,5.4833510985815375,low
2,,"[[-1.3128864522818353, 0.29863941487817414, -0.0842866893706293], [0.2067354448897755, -1.115046671899025, -0.7431917115676461], [0.8948443276944622, 0.5990689293661544, 0.6415416250145615]]",1,1.324662030406731,0.052902079,0.644729817,0.8942886036117484,5.956377183475464,2.2722765323654923,low
2,,"[[0.8644125438945974, -0.3085719321237785, -0.016560065413295678], [-0.946885905764176, 0.052505324997645694, -0.18306173718200505], [0.8409323497366423, 0.17011770198139137, 0.31380292113188946]]",2,0.9406604641627448,0.029828331,0.644729817,0.5716084983336368,5.956377183475464,5.714683724530217,low
2,,"[[-2.519464491426506, -0.29966623429901784, -0.8180481001297644], [-1.4909612501801406, -1.6867384385014839, -1.5457806221319834], [0.20514590052854512, -2.2039751430672405, -1.5496560504362515]]",3,2.631802498,0.040775683,0.644729817,1.684006603,5.956377183475464,1.9167628528598355,low
3,,"[[-1.0913198781915472, -2.6059648673396003, 0.25703806666156703], [0.3613491774816243, -2.820690672987757, -0.7794524077464308], [1.7099264884190264, -1.8741797727354474, -1.5186541031738234]]",1,2.8108210793044934,0.051081382,0.619800325,1.1863667512887006,1.307238133522965,1.6982159818680285,low
3,,"[[0.4709574996360307, 2.2082124871155098, 0.11008479739217418], [-1.1566005282956564, 1.6671018531173551, 1.1026166781158586], [-1.8578646000183634, -0.11080656151200136, 1.2597720535933947]]",2,2.2055691585585917,0.046551821,0.619800325,4.015968520785465,1.307238133522965,2.2827573824087968,low
3,,"[[-1.1825762253413061, -2.2995804112369957, 0.37423202662740207], [0.28728880168488885, -2.58705005511076, -0.6798162195728762], [1.6061873819052448, -1.6025211831770179, -1.4050729541224687]]",3,2.506742500779418,0.076980153,0.619800325,0.6149591878911114,1.307238133522965,2.1570288299662908,low
4,,"[[-1.1877474670613, 3.1423202369175005, 2.3631508387617846], [-2.4061386262047155, 2.0769720680726826, 2.4488560677680247], [-3.2706068540873603, 0.7538364356843399, 2.1698567607194454]]",1,4.329050214211248,0.071542478,0.6565542795364405,1.8820246042886797,0.746102825,5.7380241106142424,low
4,,"[[1.1041008008249784, 1.3285263904550353, 0.18952102064149035], [-0.900345375433892, 1.0986933198408397, 1.0698784372935055], [-1.4918954160262614, -0.9231199031154889, 0.2792402653903382]]",2,1.7686639264275132,0.008064782,0.6565542795364405,1.5617839878335618,0.746102825,4.913978434618786,low
4,,"[[1.0669072296692739, 0.062411759437181066, -0.528707704006759], [-0.5656631725779734, 0.8289446565190609, 0.7740703823577948], [-0.42050179547235766, -1.0743474099592043, -0.377828804660026]]",3,1.2295174018055832,0.038593847,0.6565542795364405,4.817668653065516,0.746102825,0.6055602524945015,low
5,,"[[-0.7485240380851718, 0.7213349971509034, -0.3174518197553003], [0.44436420752490574, -0.8333498077930976, 0.1882789998117834], [-0.5148649192585333, 0.8690641252856811, -0.22612954969411678]]",1,1.031136310400604,0.06586858,0.4201720372029051,1.343907669278097,4.758252472844026,2.5233473212514466,low
5,,"[[2.249572345461287, -0.09620658272505098, 1.0009524348687733], [1.7450214829990953, 1.689299613852626, 0.821132938196369], [0.3363091055483692, 2.627839621327289, 0.19182337298797242]]",2,2.4754394296921327,0.075154356,0.4201720372029051,6.193713059699979,4.758252472844026,1.426115360910161,low
5,,"[[2.738262542499938, 0.42375698832529834, 1.2200353995484106], [1.9838294806183443, 1.9939442040475182, 0.9158931088472827], [0.4787031102087663, 2.840480520956956, 0.2745584789292111]]",3,2.914507328905027,0.037791853,0.4201720372029051,4.284702659280746,4.758252472844026,3.715949377,low
6,,"[[0.596440460385902, 0.8531736177884064, 0.7487384822711196], [-1.221926196365824, -0.16017014375032745, -0.1498382210773941], [0.8881068555357934, -0.711699398462982, -0.6043026442096068]]",1,1.2836592416729755,0.026988573,0.7097025078277559,2.9540540525586403,6.279290168863669,4.476168756,low
6,,"[[0.49448595537259143, -2.7787817961939867, -2.3852986634220126], [2.009756425391596, -2.2872068944387336, -1.968027497347067], [3.1391287767200873, -1.370805420533328, -1.1544119044686207]]",2,3.684436147,0.038770282,0.7097025078277559,0.2734505684973674,6.279290168863669,4.657838209368332,low
6,,"[[-0.9117211764246166, -0.24322859407958985, -0.22822559787518967], [0.38325517388721797, 0.6307375952640114, 0.5645502500940391], [-0.24097835883470167, -0.6396410823428399, -0.5444249168745771]]",3,0.9153047071144654,0.087576006,0.7097025078277559,5.422202639695211,6.279290168863669,4.556076100384724,low
7,,"[[0.5946322029405768, 0.8570512317420317, 0.7487384822711196], [-1.2191194654910642, -0.14211690183831302, -0.1498382210773941], [0.8898824934660092, -0.7313142521420145, -0.6043026442096068]]",1,1.681376651997423,0.014531494,0.6843803511368003,4.989829512730913,2.8156105656663235,4.806547738224595,low
7,,"[[0.48004786942965233, -2.763132474768722, -2.3852986634220126], [2.0199413346451003, -2.2966841808055807, -1.968027497347067], [3.145610152167776, -1.3782498678585526, -1.1544119044686207]]",2,2.0901494106446408,0.00497867,0.6843803511368003,4.452666924,2.8156105656663235,5.033432266822405,low
7,,"[[-0.8789915697225813, -0.2666764103448163, -0.22822559787518967], [0.3646725219758046, 0.6418699111717234, 0.5645502500940391], [-0.23406069190042472, -0.620548912519549, -0.5444249168745771]]",3,0.8642019220608756,0.071346918,0.6843803511368003,4.7329851033939025,2.8156105656663235,2.805809765723482,low
8,,"[[1.6767286613912735, -0.06119410967401672, -0.35669252335387475], [0.02268934329129543, 1.3070633213625795, -1.0173176955696], [-1.6441448958214855, 0.39972205852813025, 0.14871483357396223]]",1,5.528743932008774,0.03401642,0.3885607692414195,4.178127141078821,1.9360212323861692,3.558687197439688,low
8,,"[[2.009980126306899, -0.5998196779259162, -0.0683822177459205], [1.3492380641634605, 1.0441163771973572, -1.1712164888750958], [-0.616339246838896, 1.6844153092450829, -1.1036100148368497]]",2,0.8037866042535986,0.04889617,0.3885607692414195,3.8902462079668743,1.9360212323861692,1.3949149431531784,low
8,,"[[-0.45257115018034993, -0.5707569561821132, 0.5619947281029178], [-0.22860168836750414, 0.6187606280447658, -0.4442055580828567], [0.6461375054310775, -0.5632282946982836, 0.2582807039880755]]",3,1.2880760943278813,0.011159867,0.3885607692414195,3.3094813772030705,1.9360212323861692,2.1499641654797355,low
9,,"[[-5.142183446751987, -1.1271877062782982, 2.1378629140150256], [-4.731790055140566, -2.315803464246552, 2.14419054625997], [-4.024360721764018, -3.4048761143770636, 2.0354996213857772]]",1,0.7178286026140865,0.036309655,0.3564047899281686,6.142377775210468,5.041612717823303,1.5308260018438913,low
9,,"[[0.3716849969964778, 0.6788271377480579, -0.23721751231363886], [0.37500053327862826, -0.7161323349569131, -0.048760266252897685], [-0.7809661108451788, -0.11328310444269812, 0.3104592565307895]]",2,1.6465589232222722,0.035497055,0.3564047899281686,0.8014189448918305,5.041612717823303,4.127751587634154,low
9,,"[[0.46945012202778996, 1.1556700276442526, -0.35401076626159766], [-1.222841528225251, -0.06341385386573425, 0.47301223569288464], [0.8241971679667426, -0.9716533386958766, -0.15930672323442996]]",3,3.7155202614788982,0.074283026,0.3564047899281686,0.8605044398801108,5.041612717823303,4.210773824166696,low
10,,"[[0.6785997319895317, 0.17225452272415434, 0.2489592300648446], [0.36893600268376525, -0.546841014964584, 0.07222385247165083], [-0.3416239239370745, -0.5777028492066272, -0.1899444447462481]]",1, 3.850218252961562, 0.010285833473172912, 0.4950254536674411, 5.947584835837536, 0.8404221076322321, 1.6028592018140648,low
10,,"[[-1.4245954052692484, -0.7736552000594653, -0.5788425153230592], [0.6080220347304325, -1.4399215073546672, 0.04873053581404663], [1.3894174235742656, 0.6128881516533807, 0.558019861672964]]",2, 1.6295557548939317, 0.015661990720575437, 0.4950254536674411, 4.811765001029553, 0.8404221076322321, 0.2519960359159148,low
10,,"[[-2.9946950724556545, -1.9796783069369934, -1.3109836663183405], [-1.9122970715493144, -3.0560052248341485, -1.0419326837526952], [-0.45322221118607386, -3.5386326864843096, -0.5821268294885028]]",3, 0.5375456487722277, 0.013313138153972027, 0.4950254536674411, 5.828031076039552, 0.8404221076322321, 1.4154396948003005,low
1,,"[[-3.4852399777387255, -1.2621917530160702, -3.1432039478551173], [-3.6552005587273766, -2.2622713281232985, -2.2255969067121466], [-3.489566473286529, -3.0670506084483824, -1.1158595106866553]]",1,4.615822660444791,0.050102258,1.0472,2.3896630391056095,3.9997341918898046,3.037191084925631,med
1,,"[[-1.6669420563685937, -1.7862695442770888, -0.1921005280540721], [-0.6925496996332593, -2.0757840899108566, 1.4129513528319517], [0.6888799249387336, -1.1844244795194836, 2.2542569282168916]]",2,2.462264277245404,0.072877959,1.0472,4.610527492216533,3.9997341918898046,1.436332821154692,med
1,,"[[-1.8446597347239686, -1.9549758191741602, -0.14884613311853317], [-0.6952254564870178, -2.1032883278569274, 1.4438969048599983], [0.8094225393846514, -1.066995874466382, 2.278458734328811]]",3,2.8634324981534824,0.08864616,1.0472,0.873442438,3.9997341918898046,5.4833510985815375,med
2,,"[[-1.2931635669243842, 0.36610832521184156, -0.12710775807160596], [0.33124562613009906, -0.7081970277284588, -1.1207633492327047], [0.7910646447084999, 0.25647926404393145, 0.9674708815130081]]",1,1.324662030406731,0.052902079,1.13446,0.8942886036117484,5.956377183475464,2.2722765323654923,med
2,,"[[0.8693329289063219, -0.2953827510174962, -0.024973252644285706], [-0.9088086837198007, 0.17250251678156867, -0.2760645503536222], [0.8213089202760314, -0.01638107108985591, 0.47322757696655326]]",2,0.9406604641627448,0.029828331,1.13446,0.5716084983336368,5.956377183475464,5.714683724530217,med
2,,"[[-2.3636191087107803, 0.18940693679467416, -1.2336498298682037], [-1.2147322159694576, -0.7330485657286794, -2.331100092041279], [0.5174389373199789, -1.3254171149233325, -2.336944395655539]]",3,2.631802498,0.040775683,1.13446,1.684006603,5.956377183475464,1.9167628528598355,med
3,,"[[-0.8848351046308504, -2.663804533807831, 0.41028128217708326], [-0.15893115158092758, -2.608484859038906, -1.244153200340099], [0.610802150492151, -1.569390577757112, -2.424058664641398]]",1,2.8108210793044934,0.051081382,1.18682,1.1863667512887006,1.307238133522965,1.6982159818680285,med
3,,"[[0.5518063159121905, 2.2177583822561044, 0.17571612021862032], [-0.32341423588852736, 1.4607761893437736, 1.7599843880044723], [-0.9575685523740022, -0.414464081444163, 2.0108340375890226]]",2,2.2055691585585917,0.046551821,1.18682,4.015968520785465,1.307238133522965,2.2827573824087968,med
3,,"[[-0.9010766034855849, -2.3946776832798373, 0.5973449680454535], [-0.22844322815687346, -2.495153480702468, -1.0851150330910944], [0.5802106245236882, -1.3346757113412069, -2.2427617070771584]]",3,2.506742500779418,0.076980153,1.18682,0.6149591878911114,1.307238133522965,2.1570288299662908,med
4,,"[[-0.2628532517842355, 2.148079686533823, 3.449567804304147], [-1.4685512739997593, 1.0751506265844932, 3.574674502442531], [-2.484035395391876, -0.07790464301019748, 3.167410179221324]]",1,4.329050214211248,0.071542478,1.09956,1.8820246042886797,0.746102825,5.7380241106142424,med
4,,"[[1.176259451579625, 1.2734892437344412, 0.27664997101340305], [-0.507583563226644, 0.6356734917715001, 1.561736200360649], [-1.392989506114819, -0.9996313193761316, 0.40761605791552974]]",2,1.7686639264275132,0.008064782,1.09956,1.5617839878335618,0.746102825,4.913978434618786,med
4,,"[[0.8948893460099587, 0.23474240851347564, -0.7717717564676924], [-0.2878366254493341, 0.5184310725461985, 1.1299356035376709], [-0.5409933229528122, -0.9019568104028317, -0.5515289412405253]]",3,1.2295174018055832,0.038593847,1.09956,4.817668653065516,0.746102825,0.6055602524945015,med
5,,"[[-0.4010003120314786, 0.7275824516669596, -0.6871308082348062], [0.2824554923300857, -0.8159685340477625, 0.40753365790763146], [-0.31387105053474135, 0.9070543094297182, -0.48946192958308576]]",1,1.031136310400604,0.06586858,1.0821,1.343907669278097,4.758252472844026,2.5233473212514466,med
5,,"[[1.2026368087821429, -0.13641215306454488, 2.1665815496226775], [0.8586731976685184, 1.6625061986862473, 1.777358655326063], [0.11639249930032507, 2.64076454917158, 0.4152055244829053]]",2,2.4754394296921327,0.075154356,1.0821,6.193713059699979,4.758252472844026,1.426115360910161,med
5,,"[[1.4307803282696867, 0.3943227657386257, 2.6407910051137047], [0.9350218184283072, 1.9943648879033804, 1.9824689385117789], [0.17353111417667313, 2.8472488566974214, 0.5942873147798294]]",3,2.914507328905027,0.037791853,1.0821,4.284702659280746,4.758252472844026,3.715949377,med
6,,"[[0.5691394625599644, 0.6806833893015908, 0.9412568489643024], [-1.2406869092933888, -0.14332439246196627, -0.1883651704369791], [0.8989612387453189, -0.5096918543353398, -0.7596831419485734]]",1,1.2836592416729755,0.026988573,0.959931,2.9540540525586403,6.279290168863669,4.476168756,med
6,,"[[0.5287963224648357, -2.102575772110922, -2.998615346924806], [2.0405085609961082, -1.7395303127010462, -2.47405389824379], [3.1221431909200055, -1.0516242070130433, -1.45123849960413]]",2,3.684436147,0.038770282,0.959931,0.2734505684973674,6.279290168863669,4.657838209368332,med
6,,"[[-0.8683520457824917, -0.18374718578936478, -0.28690779517221165], [0.3845054230537552, 0.5163470089223787, 0.7097094674146961], [-0.22889628431279682, -0.47921527826670385, -0.6844094351884266]]",3,0.9153047071144654,0.087576006,0.959931,5.422202639695211,6.279290168863669,4.556076100384724,med
7,,"[[1.5739239572314332, -0.23053457139185576, -0.4836250548815916], [-0.09159403158195648, 0.9134133204213264, -1.379340171545307], [-1.6411007974734606, 0.4232616663680251, 0.20163646513431455]]",1,1.681376651997423,0.014531494,1.02974,4.989829512730913,2.8156105656663235,4.806547738224595,med
7,,"[[2.0106880800845555, -0.6166581516564402, -0.09271670036516479], [1.199721784558378, 0.6217747939380065, -1.588005359306307], [-0.7868264313549086, 1.2165347423557598, -1.4963404586527551]]",2,2.0901494106446408,0.00497867,1.02974,4.452666924,2.8156105656663235,5.033432266822405,med
7,,"[[-0.3747299671077685, -0.30779512580018886, 0.7619860620187184], [-0.2649500663055468, 0.4689178109527573, -0.6022804610159932], [0.6946995921904704, -0.4431165647480739, 0.3501924247432708]]",3,0.8642019220608756,0.071346918,1.02974,4.7329851033939025,2.8156105656663235,2.805809765723482,med
8,,"[[-3.7282238828005205, -0.5530875902943053, 4.258772393771058], [-3.3072520861030497, -1.7689197175456959, 4.271377479600483], [-2.6679325953145314, -2.888905888754736, 4.054857558106394]]",1,5.528743932008774,0.03401642,0.855211,4.178127141078821,1.9360212323861692,3.558687197439688,med
8,,"[[0.18118880784671373, 0.5880093638738243, -0.47255386963191914], [0.3877679181583577, -0.6651176581494955, -0.09713385945816903], [-0.5598982611684624, -0.04115533506840996, 0.6184565448216203]]",2,0.8037866042535986,0.04889617,0.855211,3.8902462079668743,1.9360212323861692,1.3949149431531784,med
8,,"[[0.24741309416349958, 1.0556910501236474, -0.7052141971166793], [-0.9309996771409184, 0.02953110672970908, 0.9422734442319943], [0.6655558803583745, -1.0323324672437635, -0.31735013063992384]]",3,1.2880760943278813,0.011159867,0.855211,3.3094813772030705,1.9360212323861692,2.1499641654797355,med
9,,"[[0.3253707623590112, -0.01846572086707421, 0.6413252102024368], [0.30205446117779444, -0.5966673560127613, 0.186050452340919], [-0.12198690096494577, -0.4960198458996769, -0.489301645582468]]",1,0.7178286026140865,0.036309655,1.11701,6.142377775210468,5.041612717823303,1.5308260018438913,med
9,,"[[-0.5932745336031655, -0.4731174950074551, -1.4911128127966076], [0.536307480205444, -1.4686588405094725, 0.12553108039449198], [0.5728791719657587, 0.37449409123405586, 1.4374731356268093]]",2,1.6465589232222722,0.035497055,1.11701,0.8014189448918305,5.041612717823303,4.127751587634154,med
9,,"[[-1.3040138778285277, -1.3857328595171836, -3.377126749446416], [-0.541722615363871, -2.5565948160096457, -2.684044681735401], [0.3550279672112094, -3.2638694816053397, -1.4995732883209552]]",3,3.7155202614788982,0.074283026,1.11701,0.8605044398801108,5.041612717823303,4.210773824166696,med
10,,"[[-0.6896935500650908, 2.109724383272793, 3.170386845421012], [-1.8070436120506561, 0.9406365863109369, 3.2869635514925366], [-2.583124985195678, -0.3237668849211187, 2.8505920955652253]]",1,3.850218252961562,0.010285833,1.02974,5.947584835837536,0.8404221076322321,1.6028592018140648,med
10,,"[[0.9599287678587883, -0.08623768404753236, -1.2877748147568617], [0.8586477930380166, 1.3471202021969615, 0.4427254542396931], [-0.874622796689364, 0.3145918402558236, 1.3823426000776413]]",2,1.6295557548939317,0.015661991,1.02974,4.811765001029553,0.8404221076322321,0.2519960359159148,med
10,,"[[0.026595470838082124, 0.3628532097191412, 0.38363913780779557], [-0.42527920717048834, -0.27434637299364345, 0.22065430707066028], [0.027548609771455967, -0.30247762451626325, -0.42356533176756134]]",3,0.5375456487722277,0.013313138,1.02974,5.828031076039552,0.8404221076322321,1.4154396948003003,med
1,,"[[-2.567049120065692, -2.0605921138695953, -3.5743124515588915], [-3.043030125825542, -2.8416871153131886, -2.5308503259041], [-3.1797229807376497, -3.331071546608993, -1.268906061905203]]",1,4.615822660444791,0.050102258,1.39626,2.3896630391056095,3.9997341918898046,3.037191084925631,high
1,,"[[-1.6412832029774476, -1.8023525438025434, -0.21844822059454774], [-1.0513400848670225, -1.6985028349505553, 1.6067457593136796], [0.04871188276239082, -0.6324523265254391, 2.5634412342338826]]",2,2.462264277245404,0.072877959,1.39626,4.610527492216533,3.9997341918898046,1.436332821154692,high
1,,"[[-1.7856092551409375, -2.018237887734808, -0.16926123655927924], [-1.0983501674212341, -1.667159113575306, 1.6419356718262574], [0.16485218991089942, -0.5186417399238792, 2.590962457282447]]",3,2.8634324981534824,0.08864616,1.39626,0.873442438,3.9997341918898046,5.4833510985815375,high
2,,"[[-1.2608097831320964, 0.4099960859143979, -0.139714471167611], [0.45141417426633207, -0.263718955816015, -1.2319221188204335], [0.6523346651937026, -0.11416927238221783, 1.063425904377172]]",1,1.324662030406731,0.052902079,1.48353,0.8942886036117484,5.956377183475464,2.2722765323654923,high
2,,"[[0.8899448406177428, -0.3211763516284484, -0.027450132387402564], [-0.8759839169989729, 0.2682674194928721, -0.30344499223290666], [0.7355752859186165, -0.17598421735171232, 0.5201629047737996]]",2,0.9406604641627448,0.029828331,1.48353,0.5716084983336368,5.956377183475464,5.714683724530217,high
2,,"[[-2.2150486014103103, 0.6249193027680866, -1.3560048277222492], [-0.9313986867224366, 0.07983669241735648, -2.562301637126198], [0.7702170110128563, -0.4698458440240085, -2.568725586389384]]",3,2.631802498,0.040775683,1.48353,1.684006603,5.956377183475464,1.9167628528598355,high
3,,"[[-0.8326487903775279, -2.6773952598585185, 0.4293590484982127], [-0.3607208177460372, -2.585809890037088, -1.302005374092274], [0.25555509926700637, -1.485910809520326, -2.5367755414809743]]",1,2.8108210793044934,0.051081382,1.32645,1.1863667512887006,1.307238133522965,1.6982159818680285,high
3,,"[[0.5420223634485715, 2.2327079798911105, 0.1838867856279661], [-0.13285052597189, 1.3504243024951055, 1.8418223180826307], [-0.7058837882091687, -0.4513617623705972, 2.1043362848183733]]",2,2.2055691585585917,0.046551821,1.32645,4.015968520785465,1.307238133522965,2.2827573824087968,high
3,,"[[-0.7739001905285104, -2.416903128139105, 0.6251210529133832], [-0.3640414301270825, -2.4270914010428175, -1.1355720535113472], [0.2672993876584135, -1.2463339614121474, -2.347048413832472]]",3,2.506742500779418,0.076980153,1.32645,0.6149591878911114,1.307238133522965,2.1570288299662908,high
4,,"[[0.8695819805919638, 0.9110998388749999, 3.8709455245016673], [-0.28458386435898886, -0.19173625057474647, 4.011334477761175], [-1.4517120097652625, -1.2571642773391656, 3.5543212811238227]]",1,4.329050214211248,0.071542478,1.55334,1.8820246042886797,0.746102825,5.7380241106142424,high
4,,"[[1.2678453299857642, 1.192441078381377, 0.3104438085871664], [0.06533149926458424, 0.048627477142084624, 1.7525081686161497], [-1.2671158795942503, -1.1509154643003423, 0.4574078970514456]]",2,1.7686639264275132,0.008064782,1.55334,1.5617839878335618,0.746102825,4.913978434618786,high
4,,"[[0.6372429870243995, 0.5441833857664841, -0.8660465878965512], [0.09600164889945496, 0.11728750976528225, 1.2679614999976938], [-0.7398104916052911, -0.7526044118076367, -0.6189002819612117]]",3,1.2295174018055832,0.038593847,1.55334,4.817668653065516,0.746102825,0.6055602524945015,high
5,,"[[-0.031650415363892646, 0.761586614075551, -0.7782254858464969], [0.08323311382888934, -0.8727333290092644, 0.4615614306957243], [-0.03848021878098484, 0.9046935117237168, -0.5543511415704063]]",1,1.031136310400604,0.06586858,1.5708,1.343907669278097,4.758252472844026,2.5233473212514466,high
5,,"[[0.0025096006461725155, -0.20696538288193395, 2.4538107720895472], [-0.08099285594461941, 1.6513183945894943, 2.0129876094741186], [-0.09766909513138301, 2.6368991681850416, 0.47025037612116616]]",2,2.4754394296921327,0.075154356,1.5708,6.193713059699979,4.758252472844026,1.426115360910161,high
5,,"[[-0.020981742373024394, 0.33845615635120085, 2.99088738031288], [-0.12135512747543589, 1.9458460966916133, 2.245289884195834], [-0.12447051031190008, 2.808774001140686, 0.6730734944996105]]",3,2.914507328905027,0.037791853,1.5708,4.284702659280746,4.758252472844026,3.715949377,high
6,,"[[0.5680090034699926, 0.038513932455064834, 1.1488874453559368], [-1.229333602769637, -0.00047542342993947377, -0.22991639284803125], [0.9498022690949379, -0.0536786006753058, -0.9272606358122438]]",1,1.2836592416729755,0.026988573,1.55334,2.9540540525586403,6.279290168863669,4.476168756,high
6,,"[[0.5197736331857239, -0.05603715119654869, -3.6600759179859126], [1.9745206819631653, -0.07471474769933256, -3.0198021570348272], [3.1140311124680373, -0.07278019031577265, -1.7713652700078313]]",2,3.684436147,0.038770282,1.55334,0.2734505684973674,6.279290168863669,4.657838209368332,high
6,,"[[-0.8662663126786039, -0.002695847734765769, -0.35019640410670505], [0.3439302871948648, 0.0404592737310958, 0.8662633348805691], [-0.23615303769446586, -0.005658969357543885, -0.835382402195888]]",3,0.9153047071144654,0.087576006,1.55334,5.422202639695211,6.279290168863669,4.556076100384724,high
7,,"[[1.5432226217511076, -0.43262606367390744, -0.5628400618983229], [-0.32776809300526927, 0.2684131533380571, -1.6052681714794144], [-1.532801931033015, 0.5136100744155611, 0.23466336032764626]]",1,1.681376651997423,0.014531494,1.50098,4.989829512730913,2.8156105656663235,4.806547738224595,high
7,,"[[1.9843408695103713, -0.674147794845276, -0.10790316350610546], [0.8979456330940554, -0.19558638989783814, -1.8481115188411037], [-1.0401459764882206, 0.4989514755784295, -1.741432433799944]]",2,2.0901494106446408,0.00497867,1.50098,4.452666924,2.8156105656663235,5.033432266822405,high
7,,"[[-0.22620584835787638, 0.059323856334016434, 0.8867950036568696], [-0.36849509039245926, 0.15561491517464343, -0.7009305422387352], [0.7384648722659254, -0.2917200061281841, 0.40755193311290266]]",3,0.8642019220608756,0.071346918,1.50098,4.7329851033939025,2.8156105656663235,2.805809765723482,high
8,,"[[-0.6619183926484774, 0.6418724496370458, 5.629183255842114], [-0.1954993076902625, -0.6068087557262313, 5.645844474505322], [0.24509282075833524, -1.766486882018361, 5.359651599203168]]",1,5.528743932008774,0.03401642,1.50098,4.178127141078821,1.9360212323861692,3.558687197439688,high
8,,"[[-0.16706770898539544, 0.5129208612772518, -0.6246148148950355], [0.24212596191302305, -0.6753122439134341, -0.12839011918950655], [-0.09884989191255095, 0.14997960960645232, 0.8174668436537688]]",2,0.8037866042535986,0.04889617,1.50098,3.8902462079668743,1.9360212323861692,1.3949149431531784,high
8,,"[[-0.27091739123469766, 0.8377246094776996, -0.9321418435034491], [-0.16425732935509627, 0.2787620130690489, 1.2454832999418948], [0.42972403222897393, -1.0765677615841878, -0.41946877561487284]]",3,1.2880760943278813,0.011159867,1.50098,3.3094813772030705,1.9360212323861692,2.1499641654797355,high
9,,"[[0.08653973078721998, -0.06337499502487816, 0.7096313336969297], [0.24661038108634528, -0.6318354888406957, 0.2058662727260144], [0.10873533421310776, -0.4126182188729238, -0.5414160769154648]]",1,0.7178286026140865,0.036309655,1.46608,6.142377775210468,5.041612717823303,1.5308260018438913,high
9,,"[[-0.12027576801057613, -0.3158130208795632, -1.6499279261194653], [0.5700331900480315, -1.5173181954283523, 0.1389011169117165], [0.09805145175660246, 0.20171954948855256, 1.5905752060898541]]",2,1.6465589232222722,0.035497055,1.46608,0.8014189448918305,5.041612717823303,4.127751587634154,high
9,,"[[-0.06788506857747804, -0.9951075060572411, -3.7368170175577027], [0.443274060941159, -2.2572612280786086, -2.9699163184319906], [0.8784208139118581, -3.107358377339908, -1.6592895080977534]]",3,3.7155202614788982,0.074283026,1.46608,0.8605044398801108,5.041612717823303,4.210773824166696,high
10,,"[[0.17561521939923364, 1.2855637590395426, 3.6307332356065682], [-0.9155775705846764, 0.13624718102775576, 3.7642371081206547], [-1.7964914128040275, -1.071196821402738, 3.2645036606413385]]",1,3.850218252961562,0.010285833,1.37881,5.947584835837536,0.8404221076322321,1.6028592018140648,high
10,,"[[0.5919753466569432, 0.22771544175950628, -1.474762244445894], [0.9864910027540144, 1.228360087838761, 0.507010058813063], [-0.4772759996393848, -0.07840196678923644, 1.5830614577352007]]",2,1.6295557548939317,0.015661991,1.37881,4.811765001029553,0.8404221076322321,0.2519960359159148,high
10,,"[[0.1434044680191021, 0.25723936935621206, 0.43934429330917896], [-0.3636089592256974, -0.3186695287370069, 0.2526937453762986], [-0.05432001536319768, -0.2186650786021884, -0.48506784896623184]]",3,0.5375456487722277,0.013313138,1.37881,5.828031076039552,0.8404221076322321,1.4154396948003003,high